,Reddit_score,Reddit_body,Author_name
0,3,A quarry,Dethcola
0,1,Yay!,Koanos
0,8,Yeah. So far both shorts have premiered at a convention and released on a monday. It's a pretty obvious schedule they've got going. There's not much to speculate on.,JakeDoubleyoo
0,1,"Sorry for lack of sources/artists, but I've been building up this for a little while, mostly from IMGUR and Facebook/Pintrest/Tumblr and I really don't tend to label saved pictures with their artists. Literally, this folder was just Yang, Yang(1), Yang (2), YangCute etc.

First one IS Sakimichan, I can tell you that.",ParagonFury
0,1,[removed],[deleted]
0,3,"[Salutations! I'm not sure what you said.](http://imgur.com/9TtaInH) 
 
",PennyBotV2
0,3,Close enough.,CobaltStar_
0,12,STEP ON SNEK,rocksandfuns
0,5,and Buster Posey's mask was never seen again,see_mohn
0,5,The only current major league team created and solely based on Texas its entire existence. ,AuntieMeat
0,2,Plus he is the God.,DegenThrowaway2017
0,2,Whereâ€™s MySpace mountain?,RichterNYR35
0,5,I feel weird with a bandwagoner flair.,papermarioguy02
0,1,Gordon just successfully beat the throw but overslid the bag to miss #60.,MaddenTexasRanger
0,-2,"the yanks probably think jeter'll do em a favor and only ask for severino, but jeters probably thinking, ""yeah, and judge, bird, sanchez, betances and for the hell of it didi.""",LCPhotowerx
0,2,Wooooo,reynej
0,42,I unfortunately agree,A_Farewell_to_Clones
0,13,Woah spicy ,HEROxDivine
0,1,Tied the record for most pitchers used in a single season. ,Wise_ol_Buffalo
0,1,"Please god no, he's bad and we actually have young guys to play out there.",JonnyFairplay
